<?xml version="1.0" encoding="UTF-8"?>
<circuit>
  <component>
    <name>AND</name>
    <x>310</x>
    <y>280</y>
  </component>
  <component>
    <name>GENERATOR</name>
    <x>40</x>
    <y>260</y>
  </component>
  <component>
    <name>NOT</name>
    <x>170</x>
    <y>190</y>
  </component>
  <component>
    <name>NOT</name>
    <x>550</x>
    <y>300</y>
  </component>
  <component>
    <name>AND</name>
    <x>750</x>
    <y>420</y>
  </component>
  <component>
    <name>NOT</name>
    <x>910</x>
    <y>440</y>
  </component>
  <component>
    <name>OR</name>
    <x>660</x>
    <y>400</y>
  </component>
  <component>
    <name>GENERATOR</name>
    <x>360</x>
    <y>520</y>
  </component>
  <component>
    <name>GENERATOR</name>
    <x>30</x>
    <y>170</y>
  </component>
</circuit>
