<?xml version="1.0" encoding="UTF-8"?>
<circuit>
  <component>
    <name>BT</name>
    <x>310</x>
    <y>560</y>
  </component>
  <component>
    <name>AND</name>
    <x>600</x>
    <y>310</y>
  </component>
  <component>
    <name>BJK</name>
    <x>710</x>
    <y>390</y>
  </component>
  <component>
    <name>GENERATOR1745435917785</name>
    <x>200</x>
    <y>760</y>
  </component>
  <component>
    <name>AND</name>
    <x>500</x>
    <y>160</y>
  </component>
  <component>
    <name>GENERATOR1745435913080</name>
    <x>110</x>
    <y>450</y>
  </component>
  <component>
    <name>AND</name>
    <x>550</x>
    <y>510</y>
  </component>
  <component>
    <name>BRS</name>
    <x>290</x>
    <y>120</y>
  </component>
  <component>
    <name>BD</name>
    <x>280</x>
    <y>340</y>
  </component>
  <component>
    <name>NOT</name>
    <x>90</x>
    <y>150</y>
  </component>
  <component>
    <name>BD</name>
    <x>190</x>
    <y>120</y>
  </component>
  <component>
    <name>ODD PARITY</name>
    <x>550</x>
    <y>150</y>
  </component>
  <component>
    <name>GENERATOR1745435915379</name>
    <x>140</x>
    <y>590</y>
  </component>
  <component>
    <name>BRS</name>
    <x>710</x>
    <y>680</y>
  </component>
  <component>
    <name>GENERATOR1745435910161</name>
    <x>110</x>
    <y>340</y>
  </component>
  <component>
    <name>NOR</name>
    <x>430</x>
    <y>240</y>
  </component>
  <component>
    <name>BD</name>
    <x>340</x>
    <y>320</y>
  </component>
</circuit>
