<?xml version="1.0" encoding="UTF-8"?>
<circuit>
  <component>
    <name>NOT</name>
    <x>450</x>
    <y>390</y>
    <state>[TRUE]</state>
  </component>
  <component>
    <name>GENERATOR1745854203970</name>
    <x>150</x>
    <y>350</y>
    <state>[]</state>
  </component>
  <component>
    <name>GENERATOR1745854228221</name>
    <x>90</x>
    <y>370</y>
    <state>[]</state>
  </component>
  <component>
    <name>NOT</name>
    <x>210</x>
    <y>170</y>
    <state>[UNKNOWN]</state>
  </component>
</circuit>
